{
  "Version": 1,
  "ManifestType": "Publish",
  "Endpoints": [
    {
      "Route": "PoCoupleQuiz.Web.styles.css",
      "AssetFile": "PoCoupleQuiz.Web.styles.css",
      "Selectors": [],
      "ResponseHeaders": [
        {
          "Name": "Accept-Ranges",
          "Value": "bytes"
        },
        {
          "Name": "Cache-Control",
          "Value": "no-cache"
        },
        {
          "Name": "Content-Length",
          "Value": "2853"
        },
        {
          "Name": "Content-Type",
          "Value": "text/css"
        },
        {
          "Name": "ETag",
          "Value": "\"oZ3TPgfuTRWedXY3piKf8PNDHNBt20fsg2zAkCOyaRU=\""
        },
        {
          "Name": "Last-Modified",
          "Value": "Fri, 31 Jan 2025 23:20:42 GMT"
        }
      ],
      "EndpointProperties": [
        {
          "Name": "integrity",
          "Value": "sha256-oZ3TPgfuTRWedXY3piKf8PNDHNBt20fsg2zAkCOyaRU="
        }
      ]
    },
    {
      "Route": "PoCoupleQuiz.Web.vs9bkigh5b.styles.css",
      "AssetFile": "PoCoupleQuiz.Web.styles.css",
      "Selectors": [],
      "ResponseHeaders": [
        {
          "Name": "Accept-Ranges",
          "Value": "bytes"
        },
        {
          "Name": "Cache-Control",
          "Value": "max-age=31536000, immutable"
        },
        {
          "Name": "Content-Length",
          "Value": "2853"
        },
        {
          "Name": "Content-Type",
          "Value": "text/css"
        },
        {
          "Name": "ETag",
          "Value": "\"oZ3TPgfuTRWedXY3piKf8PNDHNBt20fsg2zAkCOyaRU=\""
        },
        {
          "Name": "Last-Modified",
          "Value": "Fri, 31 Jan 2025 23:20:42 GMT"
        }
      ],
      "EndpointProperties": [
        {
          "Name": "fingerprint",
          "Value": "vs9bkigh5b"
        },
        {
          "Name": "integrity",
          "Value": "sha256-oZ3TPgfuTRWedXY3piKf8PNDHNBt20fsg2zAkCOyaRU="
        },
        {
          "Name": "label",
          "Value": "PoCoupleQuiz.Web.styles.css"
        }
      ]
    },
    {
      "Route": "_content/MudBlazor/MudBlazor.min.179icbga5v.js",
      "AssetFile": "_content/MudBlazor/MudBlazor.min.js",
      "Selectors": [],
      "ResponseHeaders": [
        {
          "Name": "Accept-Ranges",
          "Value": "bytes"
        },
        {
          "Name": "Cache-Control",
          "Value": "max-age=31536000, immutable"
        },
        {
          "Name": "Content-Length",
          "Value": "54286"
        },
        {
          "Name": "Content-Type",
          "Value": "text/javascript"
        },
        {
          "Name": "ETag",
          "Value": "\"8+iZ8ET0xqP09OvKHJWYGFCjPZyiASD7Kl1tcdK6rj0=\""
        },
        {
          "Name": "Last-Modified",
          "Value": "Sun, 26 Jan 2025 19:20:26 GMT"
        }
      ],
      "EndpointProperties": [
        {
          "Name": "fingerprint",
          "Value": "179icbga5v"
        },
        {
          "Name": "integrity",
          "Value": "sha256-8+iZ8ET0xqP09OvKHJWYGFCjPZyiASD7Kl1tcdK6rj0="
        },
        {
          "Name": "label",
          "Value": "_content/MudBlazor/MudBlazor.min.js"
        }
      ]
    },
    {
      "Route": "_content/MudBlazor/MudBlazor.min.css",
      "AssetFile": "_content/MudBlazor/MudBlazor.min.css",
      "Selectors": [],
      "ResponseHeaders": [
        {
          "Name": "Accept-Ranges",
          "Value": "bytes"
        },
        {
          "Name": "Cache-Control",
          "Value": "no-cache"
        },
        {
          "Name": "Content-Length",
          "Value": "595660"
        },
        {
          "Name": "Content-Type",
          "Value": "text/css"
        },
        {
          "Name": "ETag",
          "Value": "\"FqTaEL8BV9TzyL9nukyntnIBb53h0pKRWBtQP5F09MY=\""
        },
        {
          "Name": "Last-Modified",
          "Value": "Sun, 26 Jan 2025 19:20:26 GMT"
        }
      ],
      "EndpointProperties": [
        {
          "Name": "integrity",
          "Value": "sha256-FqTaEL8BV9TzyL9nukyntnIBb53h0pKRWBtQP5F09MY="
        }
      ]
    },
    {
      "Route": "_content/MudBlazor/MudBlazor.min.js",
      "AssetFile": "_content/MudBlazor/MudBlazor.min.js",
      "Selectors": [],
      "ResponseHeaders": [
        {
          "Name": "Accept-Ranges",
          "Value": "bytes"
        },
        {
          "Name": "Cache-Control",
          "Value": "no-cache"
        },
        {
          "Name": "Content-Length",
          "Value": "54286"
        },
        {
          "Name": "Content-Type",
          "Value": "text/javascript"
        },
        {
          "Name": "ETag",
          "Value": "\"8+iZ8ET0xqP09OvKHJWYGFCjPZyiASD7Kl1tcdK6rj0=\""
        },
        {
          "Name": "Last-Modified",
          "Value": "Sun, 26 Jan 2025 19:20:26 GMT"
        }
      ],
      "EndpointProperties": [
        {
          "Name": "integrity",
          "Value": "sha256-8+iZ8ET0xqP09OvKHJWYGFCjPZyiASD7Kl1tcdK6rj0="
        }
      ]
    },
    {
      "Route": "_content/MudBlazor/MudBlazor.min.qcudlz6uj5.css",
      "AssetFile": "_content/MudBlazor/MudBlazor.min.css",
      "Selectors": [],
      "ResponseHeaders": [
        {
          "Name": "Accept-Ranges",
          "Value": "bytes"
        },
        {
          "Name": "Cache-Control",
          "Value": "max-age=31536000, immutable"
        },
        {
          "Name": "Content-Length",
          "Value": "595660"
        },
        {
          "Name": "Content-Type",
          "Value": "text/css"
        },
        {
          "Name": "ETag",
          "Value": "\"FqTaEL8BV9TzyL9nukyntnIBb53h0pKRWBtQP5F09MY=\""
        },
        {
          "Name": "Last-Modified",
          "Value": "Sun, 26 Jan 2025 19:20:26 GMT"
        }
      ],
      "EndpointProperties": [
        {
          "Name": "fingerprint",
          "Value": "qcudlz6uj5"
        },
        {
          "Name": "integrity",
          "Value": "sha256-FqTaEL8BV9TzyL9nukyntnIBb53h0pKRWBtQP5F09MY="
        },
        {
          "Name": "label",
          "Value": "_content/MudBlazor/MudBlazor.min.css"
        }
      ]
    },
    {
      "Route": "css/bootstrap/bootstrap.min.6gzpyzhau4.css",
      "AssetFile": "css/bootstrap/bootstrap.min.css",
      "Selectors": [],
      "ResponseHeaders": [
        {
          "Name": "Accept-Ranges",
          "Value": "bytes"
        },
        {
          "Name": "Cache-Control",
          "Value": "max-age=31536000, immutable"
        },
        {
          "Name": "Content-Length",
          "Value": "162726"
        },
        {
          "Name": "Content-Type",
          "Value": "text/css"
        },
        {
          "Name": "ETag",
          "Value": "\"SiIVMGgRhdXjKSTIddX7mh9IbOXVcwQWc7/p4nS6D/0=\""
        },
        {
          "Name": "Last-Modified",
          "Value": "Fri, 31 Jan 2025 22:43:38 GMT"
        }
      ],
      "EndpointProperties": [
        {
          "Name": "fingerprint",
          "Value": "6gzpyzhau4"
        },
        {
          "Name": "integrity",
          "Value": "sha256-SiIVMGgRhdXjKSTIddX7mh9IbOXVcwQWc7/p4nS6D/0="
        },
        {
          "Name": "label",
          "Value": "css/bootstrap/bootstrap.min.css"
        }
      ]
    },
    {
      "Route": "css/bootstrap/bootstrap.min.css",
      "AssetFile": "css/bootstrap/bootstrap.min.css",
      "Selectors": [],
      "ResponseHeaders": [
        {
          "Name": "Accept-Ranges",
          "Value": "bytes"
        },
        {
          "Name": "Cache-Control",
          "Value": "no-cache"
        },
        {
          "Name": "Content-Length",
          "Value": "162726"
        },
        {
          "Name": "Content-Type",
          "Value": "text/css"
        },
        {
          "Name": "ETag",
          "Value": "\"SiIVMGgRhdXjKSTIddX7mh9IbOXVcwQWc7/p4nS6D/0=\""
        },
        {
          "Name": "Last-Modified",
          "Value": "Fri, 31 Jan 2025 22:43:38 GMT"
        }
      ],
      "EndpointProperties": [
        {
          "Name": "integrity",
          "Value": "sha256-SiIVMGgRhdXjKSTIddX7mh9IbOXVcwQWc7/p4nS6D/0="
        }
      ]
    },
    {
      "Route": "css/bootstrap/bootstrap.min.css.8inm30yfxf.map",
      "AssetFile": "css/bootstrap/bootstrap.min.css.map",
      "Selectors": [],
      "ResponseHeaders": [
        {
          "Name": "Accept-Ranges",
          "Value": "bytes"
        },
        {
          "Name": "Cache-Control",
          "Value": "max-age=31536000, immutable"
        },
        {
          "Name": "Content-Length",
          "Value": "449111"
        },
        {
          "Name": "Content-Type",
          "Value": "text/plain"
        },
        {
          "Name": "ETag",
          "Value": "\"gBwg2tmA0Ci2u54gMF1jNCVku6vznarkLS6D76htNNQ=\""
        },
        {
          "Name": "Last-Modified",
          "Value": "Fri, 31 Jan 2025 22:43:38 GMT"
        }
      ],
      "EndpointProperties": [
        {
          "Name": "fingerprint",
          "Value": "8inm30yfxf"
        },
        {
          "Name": "integrity",
          "Value": "sha256-gBwg2tmA0Ci2u54gMF1jNCVku6vznarkLS6D76htNNQ="
        },
        {
          "Name": "label",
          "Value": "css/bootstrap/bootstrap.min.css.map"
        }
      ]
    },
    {
      "Route": "css/bootstrap/bootstrap.min.css.map",
      "AssetFile": "css/bootstrap/bootstrap.min.css.map",
      "Selectors": [],
      "ResponseHeaders": [
        {
          "Name": "Accept-Ranges",
          "Value": "bytes"
        },
        {
          "Name": "Cache-Control",
          "Value": "no-cache"
        },
        {
          "Name": "Content-Length",
          "Value": "449111"
        },
        {
          "Name": "Content-Type",
          "Value": "text/plain"
        },
        {
          "Name": "ETag",
          "Value": "\"gBwg2tmA0Ci2u54gMF1jNCVku6vznarkLS6D76htNNQ=\""
        },
        {
          "Name": "Last-Modified",
          "Value": "Fri, 31 Jan 2025 22:43:38 GMT"
        }
      ],
      "EndpointProperties": [
        {
          "Name": "integrity",
          "Value": "sha256-gBwg2tmA0Ci2u54gMF1jNCVku6vznarkLS6D76htNNQ="
        }
      ]
    },
    {
      "Route": "css/open-iconic/FONT-LICENSE",
      "AssetFile": "css/open-iconic/FONT-LICENSE",
      "Selectors": [],
      "ResponseHeaders": [
        {
          "Name": "Accept-Ranges",
          "Value": "bytes"
        },
        {
          "Name": "Cache-Control",
          "Value": "no-cache"
        },
        {
          "Name": "Content-Length",
          "Value": "4103"
        },
        {
          "Name": "Content-Type",
          "Value": "application/octet-stream"
        },
        {
          "Name": "ETag",
          "Value": "\"jA4J4h/k76zVxbFKEaWwFKJccmO0voOQ1DbUW+5YNlI=\""
        },
        {
          "Name": "Last-Modified",
          "Value": "Fri, 31 Jan 2025 22:43:38 GMT"
        }
      ],
      "EndpointProperties": [
        {
          "Name": "integrity",
          "Value": "sha256-jA4J4h/k76zVxbFKEaWwFKJccmO0voOQ1DbUW+5YNlI="
        }
      ]
    },
    {
      "Route": "css/open-iconic/FONT-LICENSE.48tmkg660f",
      "AssetFile": "css/open-iconic/FONT-LICENSE",
      "Selectors": [],
      "ResponseHeaders": [
        {
          "Name": "Accept-Ranges",
          "Value": "bytes"
        },
        {
          "Name": "Cache-Control",
          "Value": "max-age=31536000, immutable"
        },
        {
          "Name": "Content-Length",
          "Value": "4103"
        },
        {
          "Name": "Content-Type",
          "Value": "application/octet-stream"
        },
        {
          "Name": "ETag",
          "Value": "\"jA4J4h/k76zVxbFKEaWwFKJccmO0voOQ1DbUW+5YNlI=\""
        },
        {
          "Name": "Last-Modified",
          "Value": "Fri, 31 Jan 2025 22:43:38 GMT"
        }
      ],
      "EndpointProperties": [
        {
          "Name": "fingerprint",
          "Value": "48tmkg660f"
        },
        {
          "Name": "integrity",
          "Value": "sha256-jA4J4h/k76zVxbFKEaWwFKJccmO0voOQ1DbUW+5YNlI="
        },
        {
          "Name": "label",
          "Value": "css/open-iconic/FONT-LICENSE"
        }
      ]
    },
    {
      "Route": "css/open-iconic/ICON-LICENSE",
      "AssetFile": "css/open-iconic/ICON-LICENSE",
      "Selectors": [],
      "ResponseHeaders": [
        {
          "Name": "Accept-Ranges",
          "Value": "bytes"
        },
        {
          "Name": "Cache-Control",
          "Value": "no-cache"
        },
        {
          "Name": "Content-Length",
          "Value": "1093"
        },
        {
          "Name": "Content-Type",
          "Value": "application/octet-stream"
        },
        {
          "Name": "ETag",
          "Value": "\"aF5g/izareSj02F3MPSoTGNbcMBl9nmZKDe04zjU/ss=\""
        },
        {
          "Name": "Last-Modified",
          "Value": "Fri, 31 Jan 2025 22:43:38 GMT"
        }
      ],
      "EndpointProperties": [
        {
          "Name": "integrity",
          "Value": "sha256-aF5g/izareSj02F3MPSoTGNbcMBl9nmZKDe04zjU/ss="
        }
      ]
    },
    {
      "Route": "css/open-iconic/ICON-LICENSE.4dwjve0o0b",
      "AssetFile": "css/open-iconic/ICON-LICENSE",
      "Selectors": [],
      "ResponseHeaders": [
        {
          "Name": "Accept-Ranges",
          "Value": "bytes"
        },
        {
          "Name": "Cache-Control",
          "Value": "max-age=31536000, immutable"
        },
        {
          "Name": "Content-Length",
          "Value": "1093"
        },
        {
          "Name": "Content-Type",
          "Value": "application/octet-stream"
        },
        {
          "Name": "ETag",
          "Value": "\"aF5g/izareSj02F3MPSoTGNbcMBl9nmZKDe04zjU/ss=\""
        },
        {
          "Name": "Last-Modified",
          "Value": "Fri, 31 Jan 2025 22:43:38 GMT"
        }
      ],
      "EndpointProperties": [
        {
          "Name": "fingerprint",
          "Value": "4dwjve0o0b"
        },
        {
          "Name": "integrity",
          "Value": "sha256-aF5g/izareSj02F3MPSoTGNbcMBl9nmZKDe04zjU/ss="
        },
        {
          "Name": "label",
          "Value": "css/open-iconic/ICON-LICENSE"
        }
      ]
    },
    {
      "Route": "css/open-iconic/README.8h4oiah9s0.md",
      "AssetFile": "css/open-iconic/README.md",
      "Selectors": [],
      "ResponseHeaders": [
        {
          "Name": "Accept-Ranges",
          "Value": "bytes"
        },
        {
          "Name": "Cache-Control",
          "Value": "max-age=31536000, immutable"
        },
        {
          "Name": "Content-Length",
          "Value": "3658"
        },
        {
          "Name": "Content-Type",
          "Value": "text/markdown"
        },
        {
          "Name": "ETag",
          "Value": "\"rDb1fXbrDo8/dpt6Gi3UAobONVQv/lE2bB7lGwRQ0jM=\""
        },
        {
          "Name": "Last-Modified",
          "Value": "Fri, 31 Jan 2025 22:43:38 GMT"
        }
      ],
      "EndpointProperties": [
        {
          "Name": "fingerprint",
          "Value": "8h4oiah9s0"
        },
        {
          "Name": "integrity",
          "Value": "sha256-rDb1fXbrDo8/dpt6Gi3UAobONVQv/lE2bB7lGwRQ0jM="
        },
        {
          "Name": "label",
          "Value": "css/open-iconic/README.md"
        }
      ]
    },
    {
      "Route": "css/open-iconic/README.md",
      "AssetFile": "css/open-iconic/README.md",
      "Selectors": [],
      "ResponseHeaders": [
        {
          "Name": "Accept-Ranges",
          "Value": "bytes"
        },
        {
          "Name": "Cache-Control",
          "Value": "no-cache"
        },
        {
          "Name": "Content-Length",
          "Value": "3658"
        },
        {
          "Name": "Content-Type",
          "Value": "text/markdown"
        },
        {
          "Name": "ETag",
          "Value": "\"rDb1fXbrDo8/dpt6Gi3UAobONVQv/lE2bB7lGwRQ0jM=\""
        },
        {
          "Name": "Last-Modified",
          "Value": "Fri, 31 Jan 2025 22:43:38 GMT"
        }
      ],
      "EndpointProperties": [
        {
          "Name": "integrity",
          "Value": "sha256-rDb1fXbrDo8/dpt6Gi3UAobONVQv/lE2bB7lGwRQ0jM="
        }
      ]
    },
    {
      "Route": "css/open-iconic/font/css/open-iconic-bootstrap.min.cmapd0fi15.css",
      "AssetFile": "css/open-iconic/font/css/open-iconic-bootstrap.min.css",
      "Selectors": [],
      "ResponseHeaders": [
        {
          "Name": "Accept-Ranges",
          "Value": "bytes"
        },
        {
          "Name": "Cache-Control",
          "Value": "max-age=31536000, immutable"
        },
        {
          "Name": "Content-Length",
          "Value": "9395"
        },
        {
          "Name": "Content-Type",
          "Value": "text/css"
        },
        {
          "Name": "ETag",
          "Value": "\"BJ/G+e+y7bQdrYkS2RBTyNfBHpA9IuGaPmf9htub5MQ=\""
        },
        {
          "Name": "Last-Modified",
          "Value": "Fri, 31 Jan 2025 22:43:38 GMT"
        }
      ],
      "EndpointProperties": [
        {
          "Name": "fingerprint",
          "Value": "cmapd0fi15"
        },
        {
          "Name": "integrity",
          "Value": "sha256-BJ/G+e+y7bQdrYkS2RBTyNfBHpA9IuGaPmf9htub5MQ="
        },
        {
          "Name": "label",
          "Value": "css/open-iconic/font/css/open-iconic-bootstrap.min.css"
        }
      ]
    },
    {
      "Route": "css/open-iconic/font/css/open-iconic-bootstrap.min.css",
      "AssetFile": "css/open-iconic/font/css/open-iconic-bootstrap.min.css",
      "Selectors": [],
      "ResponseHeaders": [
        {
          "Name": "Accept-Ranges",
          "Value": "bytes"
        },
        {
          "Name": "Cache-Control",
          "Value": "no-cache"
        },
        {
          "Name": "Content-Length",
          "Value": "9395"
        },
        {
          "Name": "Content-Type",
          "Value": "text/css"
        },
        {
          "Name": "ETag",
          "Value": "\"BJ/G+e+y7bQdrYkS2RBTyNfBHpA9IuGaPmf9htub5MQ=\""
        },
        {
          "Name": "Last-Modified",
          "Value": "Fri, 31 Jan 2025 22:43:38 GMT"
        }
      ],
      "EndpointProperties": [
        {
          "Name": "integrity",
          "Value": "sha256-BJ/G+e+y7bQdrYkS2RBTyNfBHpA9IuGaPmf9htub5MQ="
        }
      ]
    },
    {
      "Route": "css/open-iconic/font/fonts/open-iconic.0uw8dim9nl.eot",
      "AssetFile": "css/open-iconic/font/fonts/open-iconic.eot",
      "Selectors": [],
      "ResponseHeaders": [
        {
          "Name": "Accept-Ranges",
          "Value": "bytes"
        },
        {
          "Name": "Cache-Control",
          "Value": "max-age=31536000, immutable"
        },
        {
          "Name": "Content-Length",
          "Value": "28196"
        },
        {
          "Name": "Content-Type",
          "Value": "application/vnd.ms-fontobject"
        },
        {
          "Name": "ETag",
          "Value": "\"OK3poGPgzKI2NzNgP07XMbJa3Dz6USoUh/chSkSvQpc=\""
        },
        {
          "Name": "Last-Modified",
          "Value": "Fri, 31 Jan 2025 22:43:38 GMT"
        }
      ],
      "EndpointProperties": [
        {
          "Name": "fingerprint",
          "Value": "0uw8dim9nl"
        },
        {
          "Name": "integrity",
          "Value": "sha256-OK3poGPgzKI2NzNgP07XMbJa3Dz6USoUh/chSkSvQpc="
        },
        {
          "Name": "label",
          "Value": "css/open-iconic/font/fonts/open-iconic.eot"
        }
      ]
    },
    {
      "Route": "css/open-iconic/font/fonts/open-iconic.eot",
      "AssetFile": "css/open-iconic/font/fonts/open-iconic.eot",
      "Selectors": [],
      "ResponseHeaders": [
        {
          "Name": "Accept-Ranges",
          "Value": "bytes"
        },
        {
          "Name": "Cache-Control",
          "Value": "no-cache"
        },
        {
          "Name": "Content-Length",
          "Value": "28196"
        },
        {
          "Name": "Content-Type",
          "Value": "application/vnd.ms-fontobject"
        },
        {
          "Name": "ETag",
          "Value": "\"OK3poGPgzKI2NzNgP07XMbJa3Dz6USoUh/chSkSvQpc=\""
        },
        {
          "Name": "Last-Modified",
          "Value": "Fri, 31 Jan 2025 22:43:38 GMT"
        }
      ],
      "EndpointProperties": [
        {
          "Name": "integrity",
          "Value": "sha256-OK3poGPgzKI2NzNgP07XMbJa3Dz6USoUh/chSkSvQpc="
        }
      ]
    },
    {
      "Route": "css/open-iconic/font/fonts/open-iconic.h4d0pazwgy.woff",
      "AssetFile": "css/open-iconic/font/fonts/open-iconic.woff",
      "Selectors": [],
      "ResponseHeaders": [
        {
          "Name": "Accept-Ranges",
          "Value": "bytes"
        },
        {
          "Name": "Cache-Control",
          "Value": "max-age=31536000, immutable"
        },
        {
          "Name": "Content-Length",
          "Value": "14984"
        },
        {
          "Name": "Content-Type",
          "Value": "application/font-woff"
        },
        {
          "Name": "ETag",
          "Value": "\"cZPqVlRJfSNW0KaQ4+UPOXZ/v/QzXlejRDwUNdZIofI=\""
        },
        {
          "Name": "Last-Modified",
          "Value": "Fri, 31 Jan 2025 22:43:38 GMT"
        }
      ],
      "EndpointProperties": [
        {
          "Name": "fingerprint",
          "Value": "h4d0pazwgy"
        },
        {
          "Name": "integrity",
          "Value": "sha256-cZPqVlRJfSNW0KaQ4+UPOXZ/v/QzXlejRDwUNdZIofI="
        },
        {
          "Name": "label",
          "Value": "css/open-iconic/font/fonts/open-iconic.woff"
        }
      ]
    },
    {
      "Route": "css/open-iconic/font/fonts/open-iconic.ll5grcv8wv.ttf",
      "AssetFile": "css/open-iconic/font/fonts/open-iconic.ttf",
      "Selectors": [],
      "ResponseHeaders": [
        {
          "Name": "Accept-Ranges",
          "Value": "bytes"
        },
        {
          "Name": "Cache-Control",
          "Value": "max-age=31536000, immutable"
        },
        {
          "Name": "Content-Length",
          "Value": "28028"
        },
        {
          "Name": "Content-Type",
          "Value": "application/x-font-ttf"
        },
        {
          "Name": "ETag",
          "Value": "\"p+RP8CV3vRK1YbIkNzq3rPo1jyETPnR07ULb+HVYL8w=\""
        },
        {
          "Name": "Last-Modified",
          "Value": "Fri, 31 Jan 2025 22:43:38 GMT"
        }
      ],
      "EndpointProperties": [
        {
          "Name": "fingerprint",
          "Value": "ll5grcv8wv"
        },
        {
          "Name": "integrity",
          "Value": "sha256-p+RP8CV3vRK1YbIkNzq3rPo1jyETPnR07ULb+HVYL8w="
        },
        {
          "Name": "label",
          "Value": "css/open-iconic/font/fonts/open-iconic.ttf"
        }
      ]
    },
    {
      "Route": "css/open-iconic/font/fonts/open-iconic.otf",
      "AssetFile": "css/open-iconic/font/fonts/open-iconic.otf",
      "Selectors": [],
      "ResponseHeaders": [
        {
          "Name": "Accept-Ranges",
          "Value": "bytes"
        },
        {
          "Name": "Cache-Control",
          "Value": "max-age=3600, must-revalidate"
        },
        {
          "Name": "Content-Length",
          "Value": "20996"
        },
        {
          "Name": "Content-Type",
          "Value": "font/otf"
        },
        {
          "Name": "ETag",
          "Value": "\"sDUtuZAEzWZyv/U1xl/9D3ehyU69JE+FvAcu5HQ+/a0=\""
        },
        {
          "Name": "Last-Modified",
          "Value": "Fri, 31 Jan 2025 22:43:38 GMT"
        }
      ],
      "EndpointProperties": [
        {
          "Name": "integrity",
          "Value": "sha256-sDUtuZAEzWZyv/U1xl/9D3ehyU69JE+FvAcu5HQ+/a0="
        }
      ]
    },
    {
      "Route": "css/open-iconic/font/fonts/open-iconic.sjnzgf7e1h.svg",
      "AssetFile": "css/open-iconic/font/fonts/open-iconic.svg",
      "Selectors": [],
      "ResponseHeaders": [
        {
          "Name": "Accept-Ranges",
          "Value": "bytes"
        },
        {
          "Name": "Cache-Control",
          "Value": "max-age=31536000, immutable"
        },
        {
          "Name": "Content-Length",
          "Value": "55332"
        },
        {
          "Name": "Content-Type",
          "Value": "image/svg+xml"
        },
        {
          "Name": "ETag",
          "Value": "\"+P1oQ5jPzOVJGC52E1oxGXIXxxCyMlqy6A9cNxGYzVk=\""
        },
        {
          "Name": "Last-Modified",
          "Value": "Fri, 31 Jan 2025 22:43:38 GMT"
        }
      ],
      "EndpointProperties": [
        {
          "Name": "fingerprint",
          "Value": "sjnzgf7e1h"
        },
        {
          "Name": "integrity",
          "Value": "sha256-+P1oQ5jPzOVJGC52E1oxGXIXxxCyMlqy6A9cNxGYzVk="
        },
        {
          "Name": "label",
          "Value": "css/open-iconic/font/fonts/open-iconic.svg"
        }
      ]
    },
    {
      "Route": "css/open-iconic/font/fonts/open-iconic.svg",
      "AssetFile": "css/open-iconic/font/fonts/open-iconic.svg",
      "Selectors": [],
      "ResponseHeaders": [
        {
          "Name": "Accept-Ranges",
          "Value": "bytes"
        },
        {
          "Name": "Cache-Control",
          "Value": "max-age=3600, must-revalidate"
        },
        {
          "Name": "Content-Length",
          "Value": "55332"
        },
        {
          "Name": "Content-Type",
          "Value": "image/svg+xml"
        },
        {
          "Name": "ETag",
          "Value": "\"+P1oQ5jPzOVJGC52E1oxGXIXxxCyMlqy6A9cNxGYzVk=\""
        },
        {
          "Name": "Last-Modified",
          "Value": "Fri, 31 Jan 2025 22:43:38 GMT"
        }
      ],
      "EndpointProperties": [
        {
          "Name": "integrity",
          "Value": "sha256-+P1oQ5jPzOVJGC52E1oxGXIXxxCyMlqy6A9cNxGYzVk="
        }
      ]
    },
    {
      "Route": "css/open-iconic/font/fonts/open-iconic.ttf",
      "AssetFile": "css/open-iconic/font/fonts/open-iconic.ttf",
      "Selectors": [],
      "ResponseHeaders": [
        {
          "Name": "Accept-Ranges",
          "Value": "bytes"
        },
        {
          "Name": "Cache-Control",
          "Value": "no-cache"
        },
        {
          "Name": "Content-Length",
          "Value": "28028"
        },
        {
          "Name": "Content-Type",
          "Value": "application/x-font-ttf"
        },
        {
          "Name": "ETag",
          "Value": "\"p+RP8CV3vRK1YbIkNzq3rPo1jyETPnR07ULb+HVYL8w=\""
        },
        {
          "Name": "Last-Modified",
          "Value": "Fri, 31 Jan 2025 22:43:38 GMT"
        }
      ],
      "EndpointProperties": [
        {
          "Name": "integrity",
          "Value": "sha256-p+RP8CV3vRK1YbIkNzq3rPo1jyETPnR07ULb+HVYL8w="
        }
      ]
    },
    {
      "Route": "css/open-iconic/font/fonts/open-iconic.wk8x8xm0ah.otf",
      "AssetFile": "css/open-iconic/font/fonts/open-iconic.otf",
      "Selectors": [],
      "ResponseHeaders": [
        {
          "Name": "Accept-Ranges",
          "Value": "bytes"
        },
        {
          "Name": "Cache-Control",
          "Value": "max-age=31536000, immutable"
        },
        {
          "Name": "Content-Length",
          "Value": "20996"
        },
        {
          "Name": "Content-Type",
          "Value": "font/otf"
        },
        {
          "Name": "ETag",
          "Value": "\"sDUtuZAEzWZyv/U1xl/9D3ehyU69JE+FvAcu5HQ+/a0=\""
        },
        {
          "Name": "Last-Modified",
          "Value": "Fri, 31 Jan 2025 22:43:38 GMT"
        }
      ],
      "EndpointProperties": [
        {
          "Name": "fingerprint",
          "Value": "wk8x8xm0ah"
        },
        {
          "Name": "integrity",
          "Value": "sha256-sDUtuZAEzWZyv/U1xl/9D3ehyU69JE+FvAcu5HQ+/a0="
        },
        {
          "Name": "label",
          "Value": "css/open-iconic/font/fonts/open-iconic.otf"
        }
      ]
    },
    {
      "Route": "css/open-iconic/font/fonts/open-iconic.woff",
      "AssetFile": "css/open-iconic/font/fonts/open-iconic.woff",
      "Selectors": [],
      "ResponseHeaders": [
        {
          "Name": "Accept-Ranges",
          "Value": "bytes"
        },
        {
          "Name": "Cache-Control",
          "Value": "no-cache"
        },
        {
          "Name": "Content-Length",
          "Value": "14984"
        },
        {
          "Name": "Content-Type",
          "Value": "application/font-woff"
        },
        {
          "Name": "ETag",
          "Value": "\"cZPqVlRJfSNW0KaQ4+UPOXZ/v/QzXlejRDwUNdZIofI=\""
        },
        {
          "Name": "Last-Modified",
          "Value": "Fri, 31 Jan 2025 22:43:38 GMT"
        }
      ],
      "EndpointProperties": [
        {
          "Name": "integrity",
          "Value": "sha256-cZPqVlRJfSNW0KaQ4+UPOXZ/v/QzXlejRDwUNdZIofI="
        }
      ]
    },
    {
      "Route": "css/site.1fpfb6x0uo.css",
      "AssetFile": "css/site.css",
      "Selectors": [],
      "ResponseHeaders": [
        {
          "Name": "Accept-Ranges",
          "Value": "bytes"
        },
        {
          "Name": "Cache-Control",
          "Value": "max-age=31536000, immutable"
        },
        {
          "Name": "Content-Length",
          "Value": "2810"
        },
        {
          "Name": "Content-Type",
          "Value": "text/css"
        },
        {
          "Name": "ETag",
          "Value": "\"bQF09ZZOsk0T2q2MpSrJMbqdu0Ks9Ea03LFI7wJyLeU=\""
        },
        {
          "Name": "Last-Modified",
          "Value": "Fri, 31 Jan 2025 22:43:38 GMT"
        }
      ],
      "EndpointProperties": [
        {
          "Name": "fingerprint",
          "Value": "1fpfb6x0uo"
        },
        {
          "Name": "integrity",
          "Value": "sha256-bQF09ZZOsk0T2q2MpSrJMbqdu0Ks9Ea03LFI7wJyLeU="
        },
        {
          "Name": "label",
          "Value": "css/site.css"
        }
      ]
    },
    {
      "Route": "css/site.css",
      "AssetFile": "css/site.css",
      "Selectors": [],
      "ResponseHeaders": [
        {
          "Name": "Accept-Ranges",
          "Value": "bytes"
        },
        {
          "Name": "Cache-Control",
          "Value": "no-cache"
        },
        {
          "Name": "Content-Length",
          "Value": "2810"
        },
        {
          "Name": "Content-Type",
          "Value": "text/css"
        },
        {
          "Name": "ETag",
          "Value": "\"bQF09ZZOsk0T2q2MpSrJMbqdu0Ks9Ea03LFI7wJyLeU=\""
        },
        {
          "Name": "Last-Modified",
          "Value": "Fri, 31 Jan 2025 22:43:38 GMT"
        }
      ],
      "EndpointProperties": [
        {
          "Name": "integrity",
          "Value": "sha256-bQF09ZZOsk0T2q2MpSrJMbqdu0Ks9Ea03LFI7wJyLeU="
        }
      ]
    },
    {
      "Route": "favicon.61n19gt1b8.ico",
      "AssetFile": "favicon.ico",
      "Selectors": [],
      "ResponseHeaders": [
        {
          "Name": "Accept-Ranges",
          "Value": "bytes"
        },
        {
          "Name": "Cache-Control",
          "Value": "max-age=31536000, immutable"
        },
        {
          "Name": "Content-Length",
          "Value": "5430"
        },
        {
          "Name": "Content-Type",
          "Value": "image/x-icon"
        },
        {
          "Name": "ETag",
          "Value": "\"Jtxf9L+5ITKRc1gIRl4VbUpGkRNfOBXjYTdhJD4facM=\""
        },
        {
          "Name": "Last-Modified",
          "Value": "Fri, 31 Jan 2025 22:43:38 GMT"
        }
      ],
      "EndpointProperties": [
        {
          "Name": "fingerprint",
          "Value": "61n19gt1b8"
        },
        {
          "Name": "integrity",
          "Value": "sha256-Jtxf9L+5ITKRc1gIRl4VbUpGkRNfOBXjYTdhJD4facM="
        },
        {
          "Name": "label",
          "Value": "favicon.ico"
        }
      ]
    },
    {
      "Route": "favicon.ico",
      "AssetFile": "favicon.ico",
      "Selectors": [],
      "ResponseHeaders": [
        {
          "Name": "Accept-Ranges",
          "Value": "bytes"
        },
        {
          "Name": "Cache-Control",
          "Value": "max-age=3600, must-revalidate"
        },
        {
          "Name": "Content-Length",
          "Value": "5430"
        },
        {
          "Name": "Content-Type",
          "Value": "image/x-icon"
        },
        {
          "Name": "ETag",
          "Value": "\"Jtxf9L+5ITKRc1gIRl4VbUpGkRNfOBXjYTdhJD4facM=\""
        },
        {
          "Name": "Last-Modified",
          "Value": "Fri, 31 Jan 2025 22:43:38 GMT"
        }
      ],
      "EndpointProperties": [
        {
          "Name": "integrity",
          "Value": "sha256-Jtxf9L+5ITKRc1gIRl4VbUpGkRNfOBXjYTdhJD4facM="
        }
      ]
    }
  ]
}