<Events><Event><System><Provider Name="ZipFS"/><EventID>0</EventID><Level>1</Level><Task>0</Task><Keywords>Keywords</Keywords><TimeCreated SystemTime="2025-02-01T18:57:19Z"/><EventRecordID>56161343</EventRecordID><Channel>Application</Channel><Computer>WEBWK000000</Computer><Security/></System><EventData><Data>Failed to open siteversion.txt. ZipFS setup failed. Error: 0x80070002</Data></EventData></Event><Event><System><Provider Name="ZipFS"/><EventID>0</EventID><Level>1</Level><Task>0</Task><Keywords>Keywords</Keywords><TimeCreated SystemTime="2025-02-01T18:57:21Z"/><EventRecordID>56163890</EventRecordID><Channel>Application</Channel><Computer>WEBWK000000</Computer><Security/></System><EventData><Data>Failed to open siteversion.txt. ZipFS setup failed. Error: 0x80070002</Data></EventData></Event><Event><System><Provider Name="ZipFS"/><EventID>0</EventID><Level>1</Level><Task>0</Task><Keywords>Keywords</Keywords><TimeCreated SystemTime="2025-02-01T18:58:19Z"/><EventRecordID>56221359</EventRecordID><Channel>Application</Channel><Computer>WEBWK000000</Computer><Security/></System><EventData><Data>Failed to open siteversion.txt. ZipFS setup failed. Error: 0x80070002</Data></EventData></Event><Event><System><Provider Name="ZipFS"/><EventID>0</EventID><Level>1</Level><Task>0</Task><Keywords>Keywords</Keywords><TimeCreated SystemTime="2025-02-01T18:58:21Z"/><EventRecordID>56223890</EventRecordID><Channel>Application</Channel><Computer>WEBWK000000</Computer><Security/></System><EventData><Data>Failed to open siteversion.txt. ZipFS setup failed. Error: 0x80070002</Data></EventData></Event><Event><System><Provider Name="ZipFS"/><EventID>0</EventID><Level>1</Level><Task>0</Task><Keywords>Keywords</Keywords><TimeCreated SystemTime="2025-02-01T18:59:19Z"/><EventRecordID>56281359</EventRecordID><Channel>Application</Channel><Computer>WEBWK000000</Computer><Security/></System><EventData><Data>Failed to open siteversion.txt. ZipFS setup failed. Error: 0x80070002</Data></EventData></Event><Event><System><Provider Name="ZipFS"/><EventID>0</EventID><Level>1</Level><Task>0</Task><Keywords>Keywords</Keywords><TimeCreated SystemTime="2025-02-01T18:59:21Z"/><EventRecordID>56283906</EventRecordID><Channel>Application</Channel><Computer>WEBWK000000</Computer><Security/></System><EventData><Data>Failed to open siteversion.txt. ZipFS setup failed. Error: 0x80070002</Data></EventData></Event><Event><System><Provider Name="ZipFS"/><EventID>0</EventID><Level>1</Level><Task>0</Task><Keywords>Keywords</Keywords><TimeCreated SystemTime="2025-02-01T18:59:33Z"/><EventRecordID>56296140</EventRecordID><Channel>Application</Channel><Computer>WEBWK000000</Computer><Security/></System><EventData><Data>Invalid operation on Read Only File System: Create New File</Data></EventData></Event><Event><System><Provider Name="ZipFS"/><EventID>0</EventID><Level>1</Level><Task>0</Task><Keywords>Keywords</Keywords><TimeCreated SystemTime="2025-02-01T19:00:19Z"/><EventRecordID>56341375</EventRecordID><Channel>Application</Channel><Computer>WEBWK000000</Computer><Security/></System><EventData><Data>Failed to open siteversion.txt. ZipFS setup failed. Error: 0x80070002</Data></EventData></Event><Event><System><Provider Name="ZipFS"/><EventID>0</EventID><Level>1</Level><Task>0</Task><Keywords>Keywords</Keywords><TimeCreated SystemTime="2025-02-01T19:00:21Z"/><EventRecordID>56343906</EventRecordID><Channel>Application</Channel><Computer>WEBWK000000</Computer><Security/></System><EventData><Data>Failed to open siteversion.txt. ZipFS setup failed. Error: 0x80070002</Data></EventData></Event><Event><System><Provider Name="ZipFS"/><EventID>0</EventID><Level>1</Level><Task>0</Task><Keywords>Keywords</Keywords><TimeCreated SystemTime="2025-02-01T19:01:19Z"/><EventRecordID>56401406</EventRecordID><Channel>Application</Channel><Computer>WEBWK000000</Computer><Security/></System><EventData><Data>Failed to open siteversion.txt. ZipFS setup failed. Error: 0x80070002</Data></EventData></Event><Event><System><Provider Name="ZipFS"/><EventID>0</EventID><Level>1</Level><Task>0</Task><Keywords>Keywords</Keywords><TimeCreated SystemTime="2025-02-01T19:01:21Z"/><EventRecordID>56403906</EventRecordID><Channel>Application</Channel><Computer>WEBWK000000</Computer><Security/></System><EventData><Data>Failed to open siteversion.txt. ZipFS setup failed. Error: 0x80070002</Data></EventData></Event><Event><System><Provider Name="W3SVC-WP"/><EventID>2303</EventID><Level>2</Level><Task>0</Task><Keywords>Keywords</Keywords><TimeCreated SystemTime="2025-02-01T19:01:33Z"/><EventRecordID>56415343</EventRecordID><Channel>Application</Channel><Computer>WEBWK000000</Computer><Security/></System><EventData><Data>PoCoupleQuiz</Data><Binary>02000780</Binary></EventData></Event><Event><System><Provider Name="W3SVC-WP"/><EventID>2303</EventID><Level>2</Level><Task>0</Task><Keywords>Keywords</Keywords><TimeCreated SystemTime="2025-02-01T19:01:33Z"/><EventRecordID>56415359</EventRecordID><Channel>Application</Channel><Computer>WEBWK000000</Computer><Security/></System><EventData><Data>PoCoupleQuiz</Data><Binary>02000780</Binary></EventData></Event><Event><System><Provider Name="ZipFS"/><EventID>0</EventID><Level>1</Level><Task>0</Task><Keywords>Keywords</Keywords><TimeCreated SystemTime="2025-02-01T19:02:19Z"/><EventRecordID>56461421</EventRecordID><Channel>Application</Channel><Computer>WEBWK000000</Computer><Security/></System><EventData><Data>Failed to open siteversion.txt. ZipFS setup failed. Error: 0x80070002</Data></EventData></Event><Event><System><Provider Name="ZipFS"/><EventID>0</EventID><Level>1</Level><Task>0</Task><Keywords>Keywords</Keywords><TimeCreated SystemTime="2025-02-01T19:02:21Z"/><EventRecordID>56463937</EventRecordID><Channel>Application</Channel><Computer>WEBWK000000</Computer><Security/></System><EventData><Data>Failed to open siteversion.txt. ZipFS setup failed. Error: 0x80070002</Data></EventData></Event><Event><System><Provider Name="ZipFS"/><EventID>0</EventID><Level>1</Level><Task>0</Task><Keywords>Keywords</Keywords><TimeCreated SystemTime="2025-02-01T19:03:19Z"/><EventRecordID>56521421</EventRecordID><Channel>Application</Channel><Computer>WEBWK000000</Computer><Security/></System><EventData><Data>Failed to open siteversion.txt. ZipFS setup failed. Error: 0x80070002</Data></EventData></Event><Event><System><Provider Name="ZipFS"/><EventID>0</EventID><Level>1</Level><Task>0</Task><Keywords>Keywords</Keywords><TimeCreated SystemTime="2025-02-01T19:03:21Z"/><EventRecordID>56523953</EventRecordID><Channel>Application</Channel><Computer>WEBWK000000</Computer><Security/></System><EventData><Data>Failed to open siteversion.txt. ZipFS setup failed. Error: 0x80070002</Data></EventData></Event><Event><System><Provider Name="ZipFS"/><EventID>0</EventID><Level>1</Level><Task>0</Task><Keywords>Keywords</Keywords><TimeCreated SystemTime="2025-02-01T19:04:19Z"/><EventRecordID>56581437</EventRecordID><Channel>Application</Channel><Computer>WEBWK000000</Computer><Security/></System><EventData><Data>Failed to open siteversion.txt. ZipFS setup failed. Error: 0x80070002</Data></EventData></Event><Event><System><Provider Name="ZipFS"/><EventID>0</EventID><Level>1</Level><Task>0</Task><Keywords>Keywords</Keywords><TimeCreated SystemTime="2025-02-01T19:04:21Z"/><EventRecordID>56583953</EventRecordID><Channel>Application</Channel><Computer>WEBWK000000</Computer><Security/></System><EventData><Data>Failed to open siteversion.txt. ZipFS setup failed. Error: 0x80070002</Data></EventData></Event><Event><System><Provider Name="ZipFS"/><EventID>0</EventID><Level>1</Level><Task>0</Task><Keywords>Keywords</Keywords><TimeCreated SystemTime="2025-02-01T19:05:19Z"/><EventRecordID>56641453</EventRecordID><Channel>Application</Channel><Computer>WEBWK000000</Computer><Security/></System><EventData><Data>Failed to open siteversion.txt. ZipFS setup failed. Error: 0x80070002</Data></EventData></Event><Event><System><Provider Name="ZipFS"/><EventID>0</EventID><Level>1</Level><Task>0</Task><Keywords>Keywords</Keywords><TimeCreated SystemTime="2025-02-01T19:05:21Z"/><EventRecordID>56643968</EventRecordID><Channel>Application</Channel><Computer>WEBWK000000</Computer><Security/></System><EventData><Data>Failed to open siteversion.txt. ZipFS setup failed. Error: 0x80070002</Data></EventData></Event><Event><System><Provider Name="ZipFS"/><EventID>0</EventID><Level>1</Level><Task>0</Task><Keywords>Keywords</Keywords><TimeCreated SystemTime="2025-02-01T19:06:19Z"/><EventRecordID>56701468</EventRecordID><Channel>Application</Channel><Computer>WEBWK000000</Computer><Security/></System><EventData><Data>Failed to open siteversion.txt. ZipFS setup failed. Error: 0x80070002</Data></EventData></Event><Event><System><Provider Name="ZipFS"/><EventID>0</EventID><Level>1</Level><Task>0</Task><Keywords>Keywords</Keywords><TimeCreated SystemTime="2025-02-01T19:06:21Z"/><EventRecordID>56703968</EventRecordID><Channel>Application</Channel><Computer>WEBWK000000</Computer><Security/></System><EventData><Data>Failed to open siteversion.txt. ZipFS setup failed. Error: 0x80070002</Data></EventData></Event><Event><System><Provider Name="ZipFS"/><EventID>0</EventID><Level>1</Level><Task>0</Task><Keywords>Keywords</Keywords><TimeCreated SystemTime="2025-02-01T19:07:19Z"/><EventRecordID>56761484</EventRecordID><Channel>Application</Channel><Computer>WEBWK000000</Computer><Security/></System><EventData><Data>Failed to open siteversion.txt. ZipFS setup failed. Error: 0x80070002</Data></EventData></Event><Event><System><Provider Name="ZipFS"/><EventID>0</EventID><Level>1</Level><Task>0</Task><Keywords>Keywords</Keywords><TimeCreated SystemTime="2025-02-01T19:07:21Z"/><EventRecordID>56763984</EventRecordID><Channel>Application</Channel><Computer>WEBWK000000</Computer><Security/></System><EventData><Data>Failed to open siteversion.txt. ZipFS setup failed. Error: 0x80070002</Data></EventData></Event><Event><System><Provider Name="ZipFS"/><EventID>0</EventID><Level>1</Level><Task>0</Task><Keywords>Keywords</Keywords><TimeCreated SystemTime="2025-02-01T19:08:19Z"/><EventRecordID>56821500</EventRecordID><Channel>Application</Channel><Computer>WEBWK000000</Computer><Security/></System><EventData><Data>Failed to open siteversion.txt. ZipFS setup failed. Error: 0x80070002</Data></EventData></Event><Event><System><Provider Name="ZipFS"/><EventID>0</EventID><Level>1</Level><Task>0</Task><Keywords>Keywords</Keywords><TimeCreated SystemTime="2025-02-01T19:08:21Z"/><EventRecordID>56823984</EventRecordID><Channel>Application</Channel><Computer>WEBWK000000</Computer><Security/></System><EventData><Data>Failed to open siteversion.txt. ZipFS setup failed. Error: 0x80070002</Data></EventData></Event><Event><System><Provider Name="ZipFS"/><EventID>0</EventID><Level>1</Level><Task>0</Task><Keywords>Keywords</Keywords><TimeCreated SystemTime="2025-02-01T19:09:19Z"/><EventRecordID>56881500</EventRecordID><Channel>Application</Channel><Computer>WEBWK000000</Computer><Security/></System><EventData><Data>Failed to open siteversion.txt. ZipFS setup failed. Error: 0x80070002</Data></EventData></Event><Event><System><Provider Name="ZipFS"/><EventID>0</EventID><Level>1</Level><Task>0</Task><Keywords>Keywords</Keywords><TimeCreated SystemTime="2025-02-01T19:09:21Z"/><EventRecordID>56883984</EventRecordID><Channel>Application</Channel><Computer>WEBWK000000</Computer><Security/></System><EventData><Data>Failed to open siteversion.txt. ZipFS setup failed. Error: 0x80070002</Data></EventData></Event><Event><System><Provider Name="ZipFS"/><EventID>0</EventID><Level>1</Level><Task>0</Task><Keywords>Keywords</Keywords><TimeCreated SystemTime="2025-02-01T19:10:19Z"/><EventRecordID>56941531</EventRecordID><Channel>Application</Channel><Computer>WEBWK000000</Computer><Security/></System><EventData><Data>Failed to open siteversion.txt. ZipFS setup failed. Error: 0x80070002</Data></EventData></Event><Event><System><Provider Name="ZipFS"/><EventID>0</EventID><Level>1</Level><Task>0</Task><Keywords>Keywords</Keywords><TimeCreated SystemTime="2025-02-01T19:10:21Z"/><EventRecordID>56944000</EventRecordID><Channel>Application</Channel><Computer>WEBWK000000</Computer><Security/></System><EventData><Data>Failed to open siteversion.txt. ZipFS setup failed. Error: 0x80070002</Data></EventData></Event><Event><System><Provider Name="ZipFS"/><EventID>0</EventID><Level>1</Level><Task>0</Task><Keywords>Keywords</Keywords><TimeCreated SystemTime="2025-02-01T19:11:19Z"/><EventRecordID>57001531</EventRecordID><Channel>Application</Channel><Computer>WEBWK000000</Computer><Security/></System><EventData><Data>Failed to open siteversion.txt. ZipFS setup failed. Error: 0x80070002</Data></EventData></Event><Event><System><Provider Name="ZipFS"/><EventID>0</EventID><Level>1</Level><Task>0</Task><Keywords>Keywords</Keywords><TimeCreated SystemTime="2025-02-01T19:11:21Z"/><EventRecordID>57004000</EventRecordID><Channel>Application</Channel><Computer>WEBWK000000</Computer><Security/></System><EventData><Data>Failed to open siteversion.txt. ZipFS setup failed. Error: 0x80070002</Data></EventData></Event><Event><System><Provider Name="ZipFS"/><EventID>0</EventID><Level>1</Level><Task>0</Task><Keywords>Keywords</Keywords><TimeCreated SystemTime="2025-02-01T19:12:19Z"/><EventRecordID>57061546</EventRecordID><Channel>Application</Channel><Computer>WEBWK000000</Computer><Security/></System><EventData><Data>Failed to open siteversion.txt. ZipFS setup failed. Error: 0x80070002</Data></EventData></Event><Event><System><Provider Name="ZipFS"/><EventID>0</EventID><Level>1</Level><Task>0</Task><Keywords>Keywords</Keywords><TimeCreated SystemTime="2025-02-01T19:13:19Z"/><EventRecordID>57121578</EventRecordID><Channel>Application</Channel><Computer>WEBWK000000</Computer><Security/></System><EventData><Data>Failed to open siteversion.txt. ZipFS setup failed. Error: 0x80070002</Data></EventData></Event><Event><System><Provider Name="ZipFS"/><EventID>0</EventID><Level>1</Level><Task>0</Task><Keywords>Keywords</Keywords><TimeCreated SystemTime="2025-02-01T19:13:22Z"/><EventRecordID>57125015</EventRecordID><Channel>Application</Channel><Computer>WEBWK000000</Computer><Security/></System><EventData><Data>Failed to open siteversion.txt. ZipFS setup failed. Error: 0x80070002</Data></EventData></Event><Event><System><Provider Name="ZipFS"/><EventID>0</EventID><Level>1</Level><Task>0</Task><Keywords>Keywords</Keywords><TimeCreated SystemTime="2025-02-01T19:14:19Z"/><EventRecordID>57181593</EventRecordID><Channel>Application</Channel><Computer>WEBWK000000</Computer><Security/></System><EventData><Data>Failed to open siteversion.txt. ZipFS setup failed. Error: 0x80070002</Data></EventData></Event><Event><System><Provider Name="ZipFS"/><EventID>0</EventID><Level>1</Level><Task>0</Task><Keywords>Keywords</Keywords><TimeCreated SystemTime="2025-02-01T19:14:22Z"/><EventRecordID>57185031</EventRecordID><Channel>Application</Channel><Computer>WEBWK000000</Computer><Security/></System><EventData><Data>Failed to open siteversion.txt. ZipFS setup failed. Error: 0x80070002</Data></EventData></Event><Event><System><Provider Name="ZipFS"/><EventID>0</EventID><Level>1</Level><Task>0</Task><Keywords>Keywords</Keywords><TimeCreated SystemTime="2025-02-01T19:20:42Z"/><EventRecordID>57565171</EventRecordID><Channel>Application</Channel><Computer>WEBWK000000</Computer><Security/></System><EventData><Data>Failed to open siteversion.txt. ZipFS setup failed. Error: 0x80070002</Data></EventData></Event><Event><System><Provider Name="ZipFS"/><EventID>0</EventID><Level>1</Level><Task>0</Task><Keywords>Keywords</Keywords><TimeCreated SystemTime="2025-02-01T19:21:42Z"/><EventRecordID>57625203</EventRecordID><Channel>Application</Channel><Computer>WEBWK000000</Computer><Security/></System><EventData><Data>Failed to open siteversion.txt. ZipFS setup failed. Error: 0x80070002</Data></EventData></Event><Event><System><Provider Name="ZipFS"/><EventID>0</EventID><Level>1</Level><Task>0</Task><Keywords>Keywords</Keywords><TimeCreated SystemTime="2025-02-01T19:22:42Z"/><EventRecordID>57685203</EventRecordID><Channel>Application</Channel><Computer>WEBWK000000</Computer><Security/></System><EventData><Data>Failed to open siteversion.txt. ZipFS setup failed. Error: 0x80070002</Data></EventData></Event><Event><System><Provider Name="ZipFS"/><EventID>0</EventID><Level>1</Level><Task>0</Task><Keywords>Keywords</Keywords><TimeCreated SystemTime="2025-02-01T19:23:42Z"/><EventRecordID>57745203</EventRecordID><Channel>Application</Channel><Computer>WEBWK000000</Computer><Security/></System><EventData><Data>Failed to open siteversion.txt. ZipFS setup failed. Error: 0x80070002</Data></EventData></Event><Event><System><Provider Name="ZipFS"/><EventID>0</EventID><Level>1</Level><Task>0</Task><Keywords>Keywords</Keywords><TimeCreated SystemTime="2025-02-01T19:24:42Z"/><EventRecordID>57805234</EventRecordID><Channel>Application</Channel><Computer>WEBWK000000</Computer><Security/></System><EventData><Data>Failed to open siteversion.txt. ZipFS setup failed. Error: 0x80070002</Data></EventData></Event><Event><System><Provider Name="ZipFS"/><EventID>0</EventID><Level>1</Level><Task>0</Task><Keywords>Keywords</Keywords><TimeCreated SystemTime="2025-02-01T19:25:43Z"/><EventRecordID>57865234</EventRecordID><Channel>Application</Channel><Computer>WEBWK000000</Computer><Security/></System><EventData><Data>Failed to open siteversion.txt. ZipFS setup failed. Error: 0x80070002</Data></EventData></Event><Event><System><Provider Name="ZipFS"/><EventID>0</EventID><Level>1</Level><Task>0</Task><Keywords>Keywords</Keywords><TimeCreated SystemTime="2025-02-01T19:26:43Z"/><EventRecordID>57925250</EventRecordID><Channel>Application</Channel><Computer>WEBWK000000</Computer><Security/></System><EventData><Data>Failed to open siteversion.txt. ZipFS setup failed. Error: 0x80070002</Data></EventData></Event><Event><System><Provider Name="ZipFS"/><EventID>0</EventID><Level>1</Level><Task>0</Task><Keywords>Keywords</Keywords><TimeCreated SystemTime="2025-02-01T19:27:43Z"/><EventRecordID>57985250</EventRecordID><Channel>Application</Channel><Computer>WEBWK000000</Computer><Security/></System><EventData><Data>Failed to open siteversion.txt. ZipFS setup failed. Error: 0x80070002</Data></EventData></Event><Event><System><Provider Name="ZipFS"/><EventID>0</EventID><Level>1</Level><Task>0</Task><Keywords>Keywords</Keywords><TimeCreated SystemTime="2025-02-01T19:28:43Z"/><EventRecordID>58045265</EventRecordID><Channel>Application</Channel><Computer>WEBWK000000</Computer><Security/></System><EventData><Data>Failed to open siteversion.txt. ZipFS setup failed. Error: 0x80070002</Data></EventData></Event><Event><System><Provider Name="ZipFS"/><EventID>0</EventID><Level>1</Level><Task>0</Task><Keywords>Keywords</Keywords><TimeCreated SystemTime="2025-02-01T19:29:43Z"/><EventRecordID>58105281</EventRecordID><Channel>Application</Channel><Computer>WEBWK000000</Computer><Security/></System><EventData><Data>Failed to open siteversion.txt. ZipFS setup failed. Error: 0x80070002</Data></EventData></Event><Event><System><Provider Name="ZipFS"/><EventID>0</EventID><Level>1</Level><Task>0</Task><Keywords>Keywords</Keywords><TimeCreated SystemTime="2025-02-01T19:36:37Z"/><EventRecordID>58519421</EventRecordID><Channel>Application</Channel><Computer>WEBWK000000</Computer><Security/></System><EventData><Data>Failed to open siteversion.txt. ZipFS setup failed. Error: 0x80070002</Data></EventData></Event></Events>